username,password
atuny0,9uQFF1Lh
hbingley1,CQutx25i8r
rshawe2,OWsTbMUgFc
yraigatt3,sRQxjPfdS
kmeus4,aUTdmmmbH
jtreleven5,zY1nE46Zm
dpettegre6,YVmhktgYVS
ggude7,MWwlaeWcOoF6
nloiterton8,HTQxxXV9Bq4
umcgourty9,i0xzpX
acharlota,M9lbMdydMN
rhallawellb,esTkitT1r
lgribbinc,ftGj8LZTtv9g
mturleyd,GyLnCB8gNIp
kminchelle,0lelplR
dpierrof,Vru55Y4tufI4
vcholdcroftg,mSPzYZfR
sberminghamh,cAjfb8vg
bleveragei,UZGAiqPqWQHQ
aeatockj,szWAG6hc
ckensleyk,tq7kPXyf
froachel,rfVSKImC
beykelhofm,zQwaHTHbuZyr
brickeardn,bMQnPttV
dfundello,k9zgV68UKw8m
lgronaverp,4a1dAKDv9KB9
fokillq,xZnWSWnqH
xisherwoodr,HLDqN5vCF
jissetts,ePawWgrnZR8L
kdulyt,5t6q4KC7O
smargiottau,pSGvhgS2A
lskeelv,Eolj9Svg28
gsilcockw,AI6RmBSXjw2S
aaughtonx,Vzwc72RhNGu
mbrooksbanky,9V8lqrkq
dalmondz,wM5tOHRMQt6g
nwytchard10,ij8mFevk
igannan11,MB63jkg3W
lgherardi12,m0eNOs
lgutridge13,SqR03CE
cslateford14,wpbWfIbpIgGc
mhaslegrave15,sq5FYgvU
kbrecknock16,KoNiIBiHE
rlaxe17,OHFibd
pidill18,GbBDdjbKG1a2
rmcritchie19,QFSwkjeVEhOQ
rlangston1a,rU8ybew
jevanson1b,1Dlvqluwi5zO
ssarjant1c,y2YBSxtcmXVW
xlinster1d,WHAE1AtmDh